{"agregados":[[2019,3,"ROBO A REPARTIDOR CON VIOLENCIA",1]],"puntos":[[19.53359,-99.12996,"ROBO A REPARTIDOR CON VIOLENCIA","2019-07-06","17:00:00",2019,3]]}