{"agregados":[[2020,1,"SUSTRACCIÓN DE MENORES",1]],"puntos":[[19.3471601488992,-99.2590161625858,"SUSTRACCIÓN DE MENORES","2020-03-21","13:30:00",2020,1]]}