{"agregados":[[2024,3,"ROBO DE ACCESORIOS DE AUTO",1]],"puntos":[[19.3420811298338,-99.2691772399998,"ROBO DE ACCESORIOS DE AUTO","2024-09-03","06:00:00",2024,3]]}