{"agregados":[[2021,2,"SUSTRACCIÓN DE MENORES",1]],"puntos":[[19.3565274388077,-99.1431710186933,"SUSTRACCIÓN DE MENORES","2021-06-13","20:00:00",2021,2]]}