{"agregados":[[2021,2,"VIOLENCIA FAMILIAR",1]],"puntos":[[19.3398655217068,-99.1910584849549,"VIOLENCIA FAMILIAR","2021-04-15","15:00:00",2021,2]]}