{"agregados":[[2021,3,"PORNOGRAFÍA",1]],"puntos":[[19.3539242512613,-99.176176773242,"PORNOGRAFÍA","2021-09-15","09:00:00",2021,3]]}