{"agregados":[[2020,1,"FRAUDE",1]],"puntos":[[19.30298,-99.19811,"FRAUDE","2020-01-18","12:00:00",2020,1]]}