{"agregados":[[2019,3,"ABUSO SEXUAL",1]],"puntos":[[19.3030214710961,-99.122661483072,"ABUSO SEXUAL","2019-08-15","16:00:00",2019,3]]}