{"agregados":[[2019,1,"VIOLENCIA FAMILIAR",1]],"puntos":[[19.3480515292482,-99.1174474766194,"VIOLENCIA FAMILIAR","2019-01-26","11:00:00",2019,1]]}