{"agregados":[[2019,3,"TENTATIVA DE EXTORSION",1]],"puntos":[[19.303895694908,-99.1246424126724,"TENTATIVA DE EXTORSION","2019-07-16","07:58:00",2019,3]]}