{"agregados":[[2019,2,"VIOLENCIA FAMILIAR",1]],"puntos":[[19.3993824694534,-99.210381365527,"VIOLENCIA FAMILIAR","2019-05-12","15:00:00",2019,2]]}