{"agregados":[[2020,3,"CONTRA EL CUMPLIMIENTO DE LA OBLIGACION ALIMENTARIA",1]],"puntos":[[19.4638635616189,-99.1878607704459,"CONTRA EL CUMPLIMIENTO DE LA OBLIGACION ALIMENTARIA","2020-08-05","13:00:00",2020,3]]}