{"agregados":[[2021,4,"VIOLENCIA FAMILIAR",1]],"puntos":[[19.4537172431968,-99.2171018856799,"VIOLENCIA FAMILIAR","2021-10-01","10:00:00",2021,4]]}