{"agregados":[[2022,2,"VIOLACION",1]],"puntos":[[19.3037758775418,-99.2338572851915,"VIOLACION","2022-06-24","18:00:00",2022,2]]}