{"agregados":[[2019,1,"VIOLENCIA FAMILIAR",1]],"puntos":[[19.2816006624879,-99.1337060461952,"VIOLENCIA FAMILIAR","2019-03-12","18:30:00",2019,1]]}