{"agregados":[[2019,2,"VIOLACION EQUIPARADA",1]],"puntos":[[19.2936923683937,-99.1021845150396,"VIOLACION EQUIPARADA","2019-05-14","20:00:00",2019,2]]}