{"agregados":[[2021,1,"ABUSO SEXUAL",1]],"puntos":[[19.3032607885212,-99.1851945735434,"ABUSO SEXUAL","2021-03-03","15:00:00",2021,1]]}