{"agregados":[[2021,4,"VIOLENCIA FAMILIAR",1]],"puntos":[[19.3050156902319,-99.2319476417472,"VIOLENCIA FAMILIAR","2021-11-28","12:00:00",2021,4]]}