{"agregados":[[2021,2,"ROBO DE OBJETOS",1]],"puntos":[[19.25513,-99.18407,"ROBO DE OBJETOS","2021-06-02","12:00:00",2021,2]]}