{"agregados":[[2024,4,"DESPOJO",1]],"puntos":[[19.21745850616137,-99.16521013021668,"DESPOJO","2024-11-17 08:00:00","08:00:00:00",2024,4]]}