{"agregados":[[2019,2,"CONTRA EL CUMPLIMIENTO DE LA OBLIGACION ALIMENTARIA",1]],"puntos":[[19.2805502301757,-99.2442428088194,"CONTRA EL CUMPLIMIENTO DE LA OBLIGACION ALIMENTARIA","2019-04-29","16:52:00",2019,2]]}