{"agregados":[[2024,4,"VIOLENCIA FAMILIAR",1]],"puntos":[[19.18976775771398,-99.13878973952966,"VIOLENCIA FAMILIAR","2024-12-29 15:00:00","15:00:00:00",2024,4]]}