{"agregados":[[2020,3,"SUSTRACCIÓN DE MENORES",1]],"puntos":[[19.3041409255715,-99.2323081332936,"SUSTRACCIÓN DE MENORES","2020-08-20","14:00:00",2020,3]]}