{"agregados":[[2020,4,"AMENAZAS",1],[2021,1,"VIOLACION",1]],"puntos":[[19.2701621659337,-99.1885049117611,"VIOLACION","2021-02-20","17:00:00",2021,1]]}