{"agregados":[[2019,3,"VIOLENCIA FAMILIAR",1]],"puntos":[[19.2737717525864,-99.1926714821248,"VIOLENCIA FAMILIAR","2019-09-27","16:30:00",2019,3]]}