{"agregados":[[2024,3,"USURPACIÓN DE IDENTIDAD",1]],"puntos":[[19.2134947098344,-99.1530141199999,"USURPACIÓN DE IDENTIDAD","2024-09-16","21:30:00",2024,3]]}