{"agregados":[[2019,3,"VIOLENCIA FAMILIAR",1]],"puntos":[[19.2930942838074,-99.1038141967416,"VIOLENCIA FAMILIAR","2019-07-28","15:00:00",2019,3]]}