{"agregados":[[2023,4,"PERDIDA DE LA VIDA POR AHOGAMIENTO",1]],"puntos":[[19.3732712876526,-99.001721399532,"PERDIDA DE LA VIDA POR AHOGAMIENTO","2023-10-29","16:55:00",2023,4]]}