{"agregados":[[2023,3,"ROBO A TRANSEUNTE EN VIA PUBLICA SIN VIOLENCIA",1]],"puntos":[[19.359536777391,-99.139399910235,"ROBO A TRANSEUNTE EN VIA PUBLICA SIN VIOLENCIA","2023-07-28","00:20:00",2023,3]]}