{"agregados":[[2019,4,"VIOLENCIA FAMILIAR",1]],"puntos":[[19.3494214240923,-99.12010995458,"VIOLENCIA FAMILIAR","2019-10-09","07:30:00",2019,4]]}