{"agregados":[[2022,2,"VIOLENCIA FAMILIAR",1]],"puntos":[[19.314523590679,-99.09568943327,"VIOLENCIA FAMILIAR","2022-05-09","10:00:00",2022,2]]}