{"agregados":[[2021,4,"VIOLENCIA FAMILIAR",1]],"puntos":[[19.3634998097845,-99.2537303704372,"VIOLENCIA FAMILIAR","2021-11-21","19:00:00",2021,4]]}