{"agregados":[[2023,1,"ROBO DE VEHICULO DE SERVICIO PARTICULAR SIN VIOLENCIA",1]],"puntos":[[19.4116903799824,-99.1209208200152,"ROBO DE VEHICULO DE SERVICIO PARTICULAR SIN VIOLENCIA","2023-01-03","04:45:00",2023,1]]}