{"agregados":[[2022,1,"VIOLENCIA FAMILIAR",1]],"puntos":[[19.3790993965309,-99.2335106860526,"VIOLENCIA FAMILIAR","2022-03-12","17:00:00",2022,1]]}