{"agregados":[[2020,2,"VIOLENCIA FAMILIAR",1]],"puntos":[[19.2831366323908,-99.1389916006862,"VIOLENCIA FAMILIAR","2020-06-01","10:00:00",2020,2]]}