{"agregados":[[2021,4,"FRAUDE",1]],"puntos":[[19.28326,-99.11046,"FRAUDE","2021-11-10","09:44:00",2021,4]]}