{"agregados":[[2023,3,"ROBO DE MOTOCICLETA SIN VIOLENCIA",1]],"puntos":[[19.2953490280825,-99.1013270702425,"ROBO DE MOTOCICLETA SIN VIOLENCIA","2023-08-26","17:00:00",2023,3]]}