{"agregados":[[2021,3,"VIOLENCIA FAMILIAR",1]],"puntos":[[19.233145758096,-99.0964094666225,"VIOLENCIA FAMILIAR","2021-08-09","18:00:00",2021,3]]}