{"agregados":[[2023,2,"FRAUDE",1]],"puntos":[[19.3015978927005,-99.0847384897056,"FRAUDE","2023-05-23","02:31:00",2023,2]]}