{"agregados":[[2023,2,"ROBO DE OBJETOS",1]],"puntos":[[19.3029051229076,-99.085667650216,"ROBO DE OBJETOS","2023-06-19","11:55:00",2023,2]]}