{"agregados":[[2022,3,"VIOLENCIA FAMILIAR",1]],"puntos":[[19.3144302458,-99.0955472959,"VIOLENCIA FAMILIAR","2022-07-30","16:00:00",2022,3]]}