{"agregados":[[2021,1,"VIOLENCIA FAMILIAR",1]],"puntos":[[19.3164242426209,-99.0954680397471,"VIOLENCIA FAMILIAR","2021-03-21","20:00:00",2021,1]]}