{"agregados":[[2021,3,"DDH OTRAS MATERIAS",1]],"puntos":[[19.26002,-99.01678,"DDH OTRAS MATERIAS","2021-08-01","10:30:00",2021,3]]}