{"agregados":[[2019,1,"VIOLENCIA FAMILIAR",1]],"puntos":[[19.2929640603005,-99.1091385945547,"VIOLENCIA FAMILIAR","2019-03-07","20:00:00",2019,1]]}