{"agregados":[[2019,3,"ROBO A NEGOCIO CON VIOLENCIA",1]],"puntos":[[19.24386,-99.01334,"ROBO A NEGOCIO CON VIOLENCIA","2019-08-12","22:50:00",2019,3]]}