{"agregados":[[2022,3,"ROBO A OFICINA PÚBLICA SIN VIOLENCIA",1]],"puntos":[[19.2900414160041,-99.0755054398419,"ROBO A OFICINA PÚBLICA SIN VIOLENCIA","2022-08-10","10:00:00",2022,3]]}