{"agregados":[[2020,3,"DELITOS AMBIENTALES",1]],"puntos":[[19.20941,-99.15046,"DELITOS AMBIENTALES","2020-08-27","10:00:00",2020,3]]}