{"agregados":[[2020,4,"VIOLENCIA FAMILIAR",1]],"puntos":[[19.260173375052,-99.007557774476,"VIOLENCIA FAMILIAR","2020-10-15","12:30:00",2020,4]]}