{"agregados":[[2024,1,"VIOLACION EQUIPARADA",1]],"puntos":[[19.233432979834483,-99.07304347999992,"VIOLACION EQUIPARADA","2024-01-05 00:30:00","00:30:00:00",2024,1]]}