{"agregados":[[2023,2,"VIOLENCIA FAMILIAR",1]],"puntos":[[19.1993543901,-99.1042174655,"VIOLENCIA FAMILIAR","2023-06-26","10:30:00",2023,2]]}