{"agregados":[[2023,4,"VIOLENCIA FAMILIAR",1]],"puntos":[[19.2626234764819,-99.138550589491,"VIOLENCIA FAMILIAR","2023-11-28","15:00:00",2023,4]]}