{"agregados":[[2020,1,"OMISION DE AUXILIO O DE CUIDADO",1]],"puntos":[[19.2630055089947,-99.137156163972,"OMISION DE AUXILIO O DE CUIDADO","2020-03-01","09:00:00",2020,1]]}