{"agregados":[[2023,3,"ROBO A PASAJERO A BORDO DE TRANSPORTE PÚBLICO CON VIOLENCIA",1]],"puntos":[[19.3047300585865,-99.0876860201081,"ROBO A PASAJERO A BORDO DE TRANSPORTE PÚBLICO CON VIOLENCIA","2023-09-19","18:00:00",2023,3]]}