{"agregados":[[2019,4,"VIOLENCIA FAMILIAR",1]],"puntos":[[19.4039587238603,-99.1365994766835,"VIOLENCIA FAMILIAR","2019-12-22","14:00:00",2019,4]]}