{"agregados":[[2020,4,"VIOLENCIA FAMILIAR",1]],"puntos":[[19.3830483207591,-99.0604893231947,"VIOLENCIA FAMILIAR","2020-10-22","12:30:00",2020,4]]}