{"agregados":[[2022,2,"VIOLENCIA FAMILIAR",1]],"puntos":[[19.375006897929,-99.122258462311,"VIOLENCIA FAMILIAR","2022-04-16","14:40:00",2022,2]]}