{"agregados":[[2019,2,"TENTATIVA DE EXTORSION",1]],"puntos":[[19.3876938917578,-99.133488300499,"TENTATIVA DE EXTORSION","2019-05-25","11:35:00",2019,2]]}