{"agregados":[[2019,1,"ABUSO DE AUTORIDAD Y USO ILEGAL DE LA FUERZA PUBLICA",1]],"puntos":[[19.227669049966,-98.9932783942959,"ABUSO DE AUTORIDAD Y USO ILEGAL DE LA FUERZA PUBLICA","2019-02-02","14:10:00",2019,1]]}