{"agregados":[[2024,3,"VIOLENCIA FAMILIAR",1]],"puntos":[[19.2205635098342,-99.00866021,"VIOLENCIA FAMILIAR","2024-09-30","19:00:00",2024,3]]}