{"agregados":[[2022,2,"CAMBIO DE USO DE SUELO",1]],"puntos":[[19.2108949331221,-99.092876319689,"CAMBIO DE USO DE SUELO","2022-05-07","10:00:00",2022,2]]}