{"agregados":[[2020,4,"VIOLENCIA FAMILIAR",1]],"puntos":[[19.2228523549521,-99.0010035205523,"VIOLENCIA FAMILIAR","2020-11-30","20:30:00",2020,4]]}