{"agregados":[[2019,1,"ABUSO DE AUTORIDAD Y USO ILEGAL DE LA FUERZA PUBLICA",1]],"puntos":[[19.4335903099191,-99.0500405932821,"ABUSO DE AUTORIDAD Y USO ILEGAL DE LA FUERZA PUBLICA","2019-01-10","11:15:00",2019,1]]}