{"agregados":[[2023,1,"LESIONES CULPOSAS POR TRANSITO VEHICULAR",1]],"puntos":[[19.4539962902939,-99.1121049402321,"LESIONES CULPOSAS POR TRANSITO VEHICULAR","2023-03-20","21:38:00",2023,1]]}