{"agregados":[[2021,3,"ABUSO DE AUTORIDAD Y USO ILEGAL DE LA FUERZA PUBLICA",1]],"puntos":[[19.4500640310206,-99.1016689436696,"ABUSO DE AUTORIDAD Y USO ILEGAL DE LA FUERZA PUBLICA","2021-08-08","18:00:00",2021,3]]}