{"agregados":[[2019,4,"ABUSO SEXUAL",1]],"puntos":[[19.4583583617394,-99.1163794635095,"ABUSO SEXUAL","2019-12-05","22:30:00",2019,4]]}