{"agregados":[[2020,3,"VIOLENCIA FAMILIAR",1]],"puntos":[[19.449460214933,-99.0753224411288,"VIOLENCIA FAMILIAR","2020-07-13","17:00:00",2020,3]]}