{"agregados":[[2019,4,"VIOLENCIA FAMILIAR",1]],"puntos":[[19.4036380136954,-99.1252387386805,"VIOLENCIA FAMILIAR","2019-12-13","10:00:00",2019,4]]}