{"agregados":[[2021,2,"VIOLACION",1]],"puntos":[[19.4658707388009,-99.1420315633255,"VIOLACION","2021-05-18","02:00:00",2021,2]]}