{"agregados":[[2021,2,"OMISION DE AUXILIO O DE CUIDADO",1]],"puntos":[[19.4349899408335,-99.1710359686062,"OMISION DE AUXILIO O DE CUIDADO","2021-05-17","14:50:00",2021,2]]}