{"agregados":[[2021,4,"ABUSO SEXUAL",1]],"puntos":[[19.4556572427238,-99.1640490119746,"ABUSO SEXUAL","2021-12-03","17:00:00",2021,4]]}