{"agregados":[[2019,3,"ABUSO SEXUAL",1]],"puntos":[[19.4758867355103,-99.1466098539396,"ABUSO SEXUAL","2019-08-13","19:00:00",2019,3]]}