{"agregados":[[2024,2,"VIOLENCIA FAMILIAR",1]],"puntos":[[19.485003832607,-99.2180132228318,"VIOLENCIA FAMILIAR","2024-04-13","21:00:00",2024,2]]}