{"agregados":[[2021,3,"VIOLENCIA FAMILIAR",1]],"puntos":[[19.4650296178586,-99.1418109549324,"VIOLENCIA FAMILIAR","2021-09-03","13:00:00",2021,3]]}