{"agregados":[[2021,4,"ABUSO SEXUAL",1]],"puntos":[[19.4639111965932,-99.1428647308079,"ABUSO SEXUAL","2021-12-14","02:15:00",2021,4]]}