{"agregados":[[2021,4,"VIOLENCIA FAMILIAR",1]],"puntos":[[19.2344241072414,-99.0033445965916,"VIOLENCIA FAMILIAR","2021-11-02","20:00:00",2021,4]]}