{"agregados":[[2024,4,"ROBO A TRANSEUNTE EN VIA PUBLICA CON VIOLENCIA",1]],"puntos":[[19.2896321598339,-99.0292283,"ROBO A TRANSEUNTE EN VIA PUBLICA CON VIOLENCIA","2024-10-12","21:00:00",2024,4]]}