{"agregados":[[2024,4,"ENCUBRIMIENTO",1]],"puntos":[[19.3122374498342,-98.97285556,"ENCUBRIMIENTO","2024-10-16","17:40:00",2024,4]]}