{"agregados":[[2020,3,"ABUSO SEXUAL",1]],"puntos":[[19.2083108498947,-98.9664722203651,"ABUSO SEXUAL","2020-08-17","11:00:00",2020,3]]}