{"agregados":[[2020,1,"VIOLENCIA FAMILIAR",1]],"puntos":[[19.2147066586354,-98.9750075201117,"VIOLENCIA FAMILIAR","2020-02-17","00:05:00",2020,1]]}