{"agregados":[[2025,0,"USURPACIÓN DE IDENTIDAD",1]],"puntos":[[19.323968309834,-98.97646777000004,"USURPACIÓN DE IDENTIDAD","2025-01-08 05:00:00","05:00:00:00",2025,0]]}