{"agregados":[[2020,2,"FRAUDE",1],[2024,3,"AMENAZAS",1]],"puntos":[[19.2601807998339,-99.01417583,"AMENAZAS","2024-07-12","14:00:00",2024,3]]}