{"agregados":[[2024,4,"ABUSO SEXUAL",1]],"puntos":[[19.2644657598337,-99.03073251,"ABUSO SEXUAL","2024-10-24","19:00:00",2024,4]]}