{"agregados":[[2021,4,"TENTATIVA DE EXTORSION",1]],"puntos":[[19.2467996360919,-99.0058827579914,"TENTATIVA DE EXTORSION","2021-11-10","14:00:00",2021,4]]}