{"agregados":[[2023,1,"PRIV. ILEGAL DE LA LIB. Y ROBO DE VEHICULO",1]],"puntos":[[19.2977683896,-99.0271075989,"PRIV. ILEGAL DE LA LIB. Y ROBO DE VEHICULO","2023-03-11","14:30:00",2023,1]]}