{"agregados":[[2025,0,"ROBO DE VEHICULO DE SERVICIO PARTICULAR SIN VIOLENCIA",1]],"puntos":[[19.28597357983369,-99.24691005999983,"ROBO DE VEHICULO DE SERVICIO PARTICULAR SIN VIOLENCIA","2025-01-31 06:27:00","06:27:00:00",2025,0]]}