{"agregados":[[2024,3,"ROBO A CASA HABITACION SIN VIOLENCIA",1]],"puntos":[[19.2794079098337,-99.2489647899999,"ROBO A CASA HABITACION SIN VIOLENCIA","2024-08-29","14:30:00",2024,3]]}