{"agregados":[[2021,1,"VIOLENCIA FAMILIAR",1]],"puntos":[[19.3367952542936,-99.214214963361,"VIOLENCIA FAMILIAR","2021-03-21","01:30:00",2021,1]]}